{"Aracaj\u00fa": [-37.07166666666667, -10.911111111111111], "Bel\u00e9m": [-48.504444444444445, -1.4558333333333333], "Belo Horizonte": [-43.937777777777775, -19.920833333333334], "Boa Vista": [-60.67333333333333, -2.819722222222222], "Bras\u00edlia": [-47.92972222222222, -15.779722222222222], "Campo Grande": [-54.646388888888886, -20.442777777777778], "Cuiab\u00e1": [-56.09666666666667, -15.596111111111112], "Curitiba": [-49.27305555555555, -25.42777777777778], "Florian\u00f3polis": [-48.549166666666665, -27.596666666666664], "Fortaleza": [-38.543055555555554, -3.7172222222222224], "Goi\u00e2nia": [-49.25388888888889, -16.678611111111113], "Jo\u00e3o Pessoa": [-34.863055555555555, -7.114999999999999], "Macap\u00e1": [-51.06638888888889, -0.03888888888888889], "Macei\u00f3": [-35.73527777777778, -9.665833333333333], "Manaus": [-60.025, -3.1019444444444444], "Natal": [-35.20944444444445, -5.795], "Palmas": [-48.36027777777778, -10.212777777777777], "Porto Alegre": [-51.230000000000004, -30.033055555555556], "Porto Velho": [-63.903888888888886, -8.761944444444444], "Recife": [-34.88111111111111, -8.05388888888889], "Rio Branco": [-67.81, -9.974722222222223], "Rio de Janeiro": [-43.2075, -22.902777777777775], "Salvador": [-38.51083333333333, -12.971111111111112], "S\u00e3o Luis": [-44.30277777777778, -2.529722222222222], "S\u00e3o Paulo": [-46.63611111111111, -23.547500000000003], "Teresina": [-42.801944444444445, -5.089166666666666], "Vit\u00f3ria": [-40.33777777777778, -20.319444444444443]}